çˆ±æƒ…,Ã i qÃ­ng,romance
å®‰æŽ’,Än pÃ¡i,to arrange
å®‰å…¨,Än quÃ¡n,safe
æš—,Ã n,to close (a door)
æŒ‰æ—¶,Ã n shÃ­,on time
æŒ‰ç…§,Ã n zhÃ o,according to
åŒ…æ‹¬,bÄo kuÃ²,to comprise
ä¿æŠ¤,bÇŽo hÃ¹,to protect
ä¿è¯,bÇŽo zhÃ¨ng,guarantee
æŠ±,bÃ o,to hold
æŠ±æ­‰,bÃ o qiÃ n,to be sorry
æŠ¥é“,bÃ o dÃ o,report
æŠ¥å,bÃ o mÃ­ng,to sign up
å€,bÃ¨i,(two
æœ¬æ¥,bÄ›n lÃ¡i,original
ç¬¨,bÃ¨n,stupid
ç¬”è®°æœ¬,bÇ jÃ¬ bÄ›n,notebook
æ¯•ä¸š,bÃ¬ yÃ¨,graduation
é,biÃ n,everywhere
æ ‡å‡†,biÄo zhÇ”n,(an official) standard
è¡¨è¾¾,biÇŽo dÃ¡,to voice (an opinion)
è¡¨æ ¼,biÇŽo gÃ©,form
è¡¨æ‰¬,biÇŽo yÃ¡ng,to praise
é¥¼å¹²,bÇng gÄn,biscuit
å¹¶ä¸”,bÃ¬ng qiÄ›,and
åšå£«,bÃ³ shÃ¬,doctor
ä¸ä½†,bÃ¹ dÃ n,not only (... but also...)
ä¸è¿‡,bÃ¹ guÃ²,only
ä¸å¾—ä¸,bÃ¹ dÃ© bÃ¹,have no choice or option but to
ä¸ç®¡,bÃ¹ guÇŽn,no matter (what
ä¸ä»…,bÃ¹ jÇn,not only (this one)
éƒ¨åˆ†,bÃ¹ fÃ¨n,part
æ“¦,cÄ,to wipe
çŒœ,cÄi,to guess
ææ–™,cÃ¡i liÃ o,material
å‚è§‚,cÄn guÄn,to look around
å·®ä¸å¤š,chÃ  bu duÅ,almost
é•¿åŸŽ,ChÃ¡ng chÃ©ng,the Great Wall
é•¿æ±Ÿ,ChÃ¡ng JiÄng,Yangtze River
å°,chÃ¡ng,to taste
åœº,chÇŽng,large place used for a specific purpose
è¶…è¿‡,chÄo guÃ²,to surpass
åµ,chÇŽo,to quarrel
ä¹˜å,chÃ©ng zuÃ²,to ride (in a vehicle)
æˆåŠŸ,chÃ©ng gÅng,success
æˆç†Ÿ,chÃ©ng shÃº,mature
æˆä¸º,chÃ©ng wÃ©i,to become
è¯šå®ž,chÃ©ng shÃ­,honest
åƒæƒŠ,chÄ« jÄ«ng,to be startled
é‡æ–°,chÃ³ng xÄ«n,again
æŠ½çƒŸ,chÅu yÄn,to smoke (a cigarette
å‡ºå·®,chÅ« chÄi,to go on an official or business trip
å‡ºå‘,chÅ« fÄ,to start out
å‡ºç”Ÿ,chÅ« shÄ“ng,to be born
ä¼ çœŸ,chuÃ¡n zhÄ“n,fax
çª—æˆ·,chuÄng hu,window
è¯å…¸,cÃ­ diÇŽn,dictionary (of Chinese compound words)
ä»Žæ¥,cÃ³ng lÃ¡i,always
ç²—å¿ƒ,cÅ« xÄ«n,careless
ç­”æ¡ˆ,dÃ¡ Ã n,answer
æ‰“æ‰®,dÇŽ ban,to decorate
æ‰“æ‰°,dÇŽ rÇŽo,to disturb
æ‰“å°,dÇŽ yÃ¬n,to print
æ‰“æŠ˜,dÇŽ zhÃ©,to give a discount
æ‰“é’ˆ,dÇŽ zhÄ“n,to give or have an injection
å¤§æ¦‚,dÃ  gÃ i,roughly
å¤§ä½¿é¦†,dÃ  shÇ guÇŽn,embassy
å¤§çº¦,dÃ  yuÄ“,approximately
æˆ´,dÃ i,to put on or wear (glasses
ä»£è¡¨,dÃ i biÇŽo,representative
ä»£æ›¿,dÃ i tÃ¬,instead
å¤§å¤«,dÃ i fu,doctor
å½“,dÄng,to be
å½“åœ°,dÄng dÃ¬,local
å½“æ—¶,dÄng shÃ­,then
åˆ€,dÄo,knife
å¯¼æ¸¸,dÇŽo yÃ³u,tour guide
åˆ°å¤„,dÃ o chÃ¹,everywhere
åˆ°åº•,dÃ o dÇ,finally
é“æ­‰,dÃ o qiÃ n,to apologize
å¾—æ„,dÃ© yÃ¬,proud of oneself
ç­‰,dÄ›ng,class
ç­‰,dÄ›ng,class
åº•,dÇ,background
åœ°çƒ,dÃ¬ qiÃº,the Earth
åœ°å€,dÃ¬ zhÇ,address
æŽ‰,diÃ o,to fall
è°ƒæŸ¥,diÃ o chÃ¡,investigation
ä¸¢,diÅ«,to lose
åŠ¨ä½œ,dÃ²ng zuÃ²,movement
å µè½¦,dÇ” chÄ“,traffic jam
è‚šå­,dÃ¹ zi,belly
æ–­,duÃ n,to break
å¯¹,duÃ¬,couple
å¯¹,duÃ¬,couple
å¯¹è¯,duÃ¬ huÃ ,dialog
å¯¹é¢,duÃ¬ miÃ n,(sitting) opposite
é¡¿,dÃ¹n,to stop
æœµ,duÇ’,flower
è€Œ,Ã©r,and
å„¿ç«¥,Ã©r tÃ³ng,child
å‘,fÄ,to send out
å‘ç”Ÿ,fÄ shÄ“ng,to happen
å‘å±•,fÄ zhÇŽn,development
æ³•å¾‹,fÇŽ lÇœ,law
ç¿»è¯‘,fÄn yÃ¬,to translate
çƒ¦æ¼,fÃ¡n nÇŽo,to be worried
åå¯¹,fÇŽn duÃ¬,to fight against
åæ˜ ,fÇŽn yÃ¬ng,to mirror
èŒƒå›´,fÃ n wÃ©i,range
æ–¹æ³•,fÄng fÇŽ,method
æ–¹é¢,fÄng miÃ n,respect
æ–¹å‘,fÄng xiÃ ng,direction
è®¿é—®,fÇŽng wÃ¨n,to visit
æ”¾å¼ƒ,fÃ ng qÃ¬,to renounce
æ”¾æš‘å‡,fÃ ng shÇ” jiÃ ,The summer holidays
åˆ†ä¹‹,fÄ“n zhÄ«,(indicating a fraction)
ä»½,fÃ¨n,classifier for gifts
é£Žæ™¯,fÄ“ng jÇng,scenery
ä¸°å¯Œ,fÄ“ng fÃ¹,to enrich
å¦åˆ™,fÇ’u zÃ©,if not
ç¬¦åˆ,fÃº hÃ©,in keeping with
å¯Œ,fÃ¹,rich
è´Ÿè´£,fÃ¹ zÃ©,to be in charge of
å¤å°,fÃ¹ yÃ¬n,to photocopy
å¤æ‚,fÃ¹ zÃ¡,complicated
çˆ¶äº²,fÃ¹ qÄ«n,father
æ”¹å˜,gÇŽi biÃ n,to change
å¹²æ¯,gÄn bÄ“i,to drink a toast
å¹²ç‡¥,gÄn zÃ o,to dry (of weather
æ„ŸåŠ¨,gÇŽn dÃ²ng,to move (sb)
æ„Ÿè§‰,gÇŽn juÃ©,to feel
æ„Ÿæƒ…,gÇŽn qÃ­ng,feeling
æ„Ÿè°¢,gÇŽn xiÃ¨,(express) thanks
å¹²,gÃ n,tree trunk
åˆšåˆš,gÄng gang,just recently
é«˜çº§,gÄo jÃ­,high level
ä¸ªå­,gÃ¨ zi,height
å„,gÃ¨,each
å…¬é‡Œ,gÅng lÇ,kilometer
å·¥å…·,gÅng jÃ¹,tool
å·¥èµ„,gÅng zÄ«,wages
å…±åŒ,gÃ²ng tÃ³ng,common
å¤Ÿ,gÃ²u,to reach
è´­ç‰©,gÃ²u wÃ¹,shopping
å­¤å•,gÅ« dÄn,lone
ä¼°è®¡,gÅ« jÃ¬,to estimate
é¼“åŠ±,gÇ” lÃ¬,to encourage
é¼“æŽŒ,gÇ” zhÇŽng,to applaud
é¡¾å®¢,gÃ¹ kÃ¨,client
æ•…æ„,gÃ¹ yÃ¬,deliberately
æŒ‚,guÃ ,to hang or suspend (from a hook etc)
å…³é”®,guÄn jiÃ n,crucial point
è§‚ä¼—,guÄn zhÃ²ng,spectators
ç®¡ç†,guÇŽn lÇ,to supervise
å…‰,guÄng,light
å¹¿æ’­,guÇŽng bÅ,broadcast
å¹¿å‘Š,guÇŽng gÃ o,to advertise
é€›,guÃ ng,to stroll
è§„å®š,guÄ« dÃ¬ng,provision
å›½é™…,guÃ³ jÃ¬,international
æžœç„¶,guÇ’ rÃ¡n,really
è¿‡,guÃ²,(experienced action marker)
è¿‡,guÃ²,(experienced action marker)
è¿‡ç¨‹,guÃ² chÃ©ng,course of events
æµ·æ´‹,hÇŽi yÃ¡ng,ocean
å®³ç¾ž,hÃ i xiÅ«,shy
å¯’å‡,hÃ¡n jiÃ ,winter vacation
æ±—,hÃ n,perspiration
èˆªç­,hÃ¡ng bÄn,scheduled flight
å¥½å¤„,hÇŽo chu,benefit
å¥½åƒ,hÇŽo xiÃ ng,as if
å·ç ,hÃ o mÇŽ,number
åˆæ ¼,hÃ© gÃ©,qualified
åˆé€‚,hÃ© shÃ¬,suitable
ç›’å­,hÃ© zi,case
çŒ´å­,hÃ³u zi,monkey
åŽš,hÃ²u,thick
åŽæ‚”,hÃ²u huÇ,to regret
åŽæ¥,hÃ²u lÃ¡i,afterwards
å¿½ç„¶,hÅ« rÃ¡n,suddenly
äº’ç›¸,hÃ¹ xiÄng,each other
æŠ¤å£«,hÃ¹ shi,nurse
æ€€ç–‘,huÃ¡i yÃ­,to doubt
å›žå¿†,huÃ­ yÃ¬,to recall
æ´»åŠ¨,huÃ³ dÃ²ng,to exercise
æ´»æ³¼,huÃ³ po,lively
ç«,huÇ’,fire
èŽ·å¾—,huÃ² dÃ©,to obtain
åŸºç¡€,jÄ« chÇ”,base
æ¿€åŠ¨,jÄ« dÃ²ng,to excite
ç§¯æž,jÄ« jÃ­,active
ç§¯ç´¯,jÄ« lÄ›i,to accumulate
æžå…¶,jÃ­ qÃ­,extremely
å³ä½¿,jÃ­ shÇ,even if
åŠæ—¶,jÃ­ shÃ­,in time
é›†åˆ,jÃ­ hÃ©,to gather
å¯„,jÃ¬,to live (in a house)
ç»§ç»­,jÃ¬ xÃ¹,to continue
è®°è€…,jÃ¬ zhÄ›,reporter
è®¡åˆ’,jÃ¬ huÃ ,plan
æŠ€æœ¯,jÃ¬ shÃ¹,technology
æ—¢ç„¶,jÃ¬ rÃ¡n,since
å®¶å…·,jiÄ jÃ¹,furniture
åŠ ç­,jiÄ bÄn,to work overtime
åŠ æ²¹ç«™,jiÄ yÃ³u zhÃ n,gas station
å‡,jiÇŽ,fake
ä»·æ ¼,jiÃ  gÃ©,price
åšæŒ,jiÄn chÃ­,to persevere with
å‡è‚¥,jiÇŽn fÃ©i,to lose weight
å‡å°‘,jiÇŽn shÇŽo,to lessen
å°†æ¥,jiÄng lÃ¡i,in the future
å¥–é‡‘,jiÇŽng jÄ«n,premium
é™ä½Ž,jiÃ ng dÄ«,to reduce
äº¤,jiÄo,to hand over
äº¤æµ,jiÄo liÃº,to exchange
äº¤é€š,jiÄo tÅng,to be connected
éª„å‚²,jiÄo Ã o,pride
é¥ºå­,jiÇŽo zi,dumpling
æ•™æŽˆ,jiÃ o shÃ²u,professor
æ•™è‚²,jiÃ o yÃ¹,to educate
æŽ¥å—,jiÄ“ shÃ²u,to accept
èŠ‚çº¦,jiÃ© yuÄ“,to economize
ç»“æžœ,jiÃ© guÇ’,outcome
è§£é‡Š,jiÄ› shÃ¬,explanation
ç´§å¼ ,jÇn zhÄng,nervous
å°½ç®¡,jÇn guÇŽn,despite
è¿›è¡Œ,jÃ¬n xÃ­ng,to advance
ç¦æ­¢,jÃ¬n zhÇ,to prohibit
ç²¾å½©,jÄ«ng cÇŽi,brilliant
ç²¾ç¥ž,jÄ«ng shÃ©n,spirit
ç»æµŽ,jÄ«ng jÃ¬,economy
ç»åŽ†,jÄ«ng lÃ¬,experience
ç»éªŒ,jÄ«ng yÃ n,to experience
äº¬å‰§,JÄ«ng jÃ¹,Beijing opera
è­¦å¯Ÿ,jÇng chÃ¡,police
ç«Ÿç„¶,jÃ¬ng rÃ¡n,unexpectedly
ç«žäº‰,jÃ¬ng zhÄ“ng,to compete
é•œå­,jÃ¬ng zi,mirror
ç©¶ç«Ÿ,jiÅ« jÃ¬ng,after all (when all is said and done)
ä¸¾åŠž,jÇ” bÃ n,to conduct
æ‹’ç»,jÃ¹ juÃ©,to refuse
è·ç¦»,jÃ¹ lÃ­,distance
å¼€çŽ©ç¬‘,kÄi wÃ¡n xiÃ o,to play a joke
çœ‹æ³•,kÃ n fÇŽ,way of looking at a thing
è€ƒè™‘,kÇŽo lÇœ,to think over
æ£µ,kÄ“,classifier for trees
ç§‘å­¦,kÄ“ xuÃ©,science
å’³å—½,kÃ© sou,to cough
å¯æ€œ,kÄ› liÃ¡n,pitiful
å¯æ˜¯,kÄ› shÃ¬,but
å¯æƒœ,kÄ› xÄ«,it is a pity
è‚¯å®š,kÄ›n dÃ¬ng,to be sure
ç©ºæ°”,kÅng qÃ¬,air
ææ€•,kÇ’ng pÃ ,fear
è‹¦,kÇ”,bitter
å®½,kuÄn,lenient
å›°,kÃ¹n,sleepy
å›°éš¾,kÃ¹n nan,difficult
æ‰©å¤§,kuÃ² dÃ ,to expand
æ‹‰,lÄ,to pull
åžƒåœ¾æ¡¶,lÄ jÄ« tÇ’ng,rubbish bin
è¾£,lÃ ,hot (spicy)
æ¥ä¸åŠ,lÃ¡i bu jÃ­,there's not enough time (to do sth)
æ¥å¾—åŠ,lÃ¡i de jÃ­,there's still time
æ‡’,lÇŽn,lazy
æµªè´¹,lÃ ng fÃ¨i,to waste
æµªæ¼«,lÃ ng mÃ n,romantic
è€è™Ž,lÇŽo hÇ”,tiger
å†·é™,lÄ›ng jÃ¬ng,calm
ç¤¼è²Œ,lÇ mÃ o,courtesy
ç†å‘,lÇ fÃ ,a barber
ç†è§£,lÇ jiÄ›,to comprehend
ç†æƒ³,lÇ xiÇŽng,a dream
åŽ‰å®³,lÃ¬ hai,difficult to deal with
åŠ›æ°”,lÃ¬ qi,strength
ä¾‹å¦‚,lÃ¬ rÃº,for example
ä¿©,liÇŽ,two (colloquial equivalent of å…©å€‹|ä¸¤ä¸ª)
è¿ž,liÃ¡n,to link
è”ç³»,liÃ¡n xÃ¬,connection
å‡‰å¿«,liÃ¡ng kuai,nice and cold
äº®,liÃ ng,bright
èŠå¤©,liÃ¡o tiÄn,to chat
å¦å¤–,lÃ¬ng wÃ i,additional
ç•™,liÃº,to leave (a message etc)
ç•™å­¦,liÃº xuÃ©,to study abroad
æµæ³ª,liÃº lÃ¨i,to shed tears
æµåˆ©,liÃº lÃ¬,fluent
æµè¡Œ,liÃº xÃ­ng,to spread
ä¹±,luÃ n,in confusion or disorder
å¾‹å¸ˆ,lÇœ shÄ«,lawyer
éº»çƒ¦,mÃ¡ fan,inconvenient
é©¬è™Ž,mÇŽ hu,careless
æ»¡,mÇŽn,full
æ¯›å·¾,mÃ¡o jÄ«n,towel
ç¾Žä¸½,mÄ›i lÃ¬,beautiful
æ¢¦,mÃ¨ng,dream
å¯†ç ,mÃ¬ mÇŽ,code
å…è´¹,miÇŽn fÃ¨i,free (of charge)
æ°‘æ—,mÃ­n zÃº,nationality
æ¯äº²,mÇ” qÄ«n,mother
ç›®çš„,mÃ¹ dÃ¬,purpose
è€å¿ƒ,nÃ i xÄ«n,to be patient
éš¾é“,nÃ¡n dÃ o,don't tell me ...
éš¾å—,nÃ¡n shÃ²u,to feel unwell
å†…,nÃ¨i,inside
å†…å®¹,nÃ¨i rÃ³ng,content
èƒ½åŠ›,nÃ©ng lÃ¬,capability
å¹´é¾„,niÃ¡n lÃ­ng,(a person's) age
å†œæ‘,nÃ³ng cÅ«n,rural area
å¼„,nÃ²ng,to do
æš–å’Œ,nuÇŽn huo,warm
å¶å°”,Ç’u Ä›r,occasionally
æŽ’åˆ—,pÃ¡i liÃ¨,array
åˆ¤æ–­,pÃ n duÃ n,to decide
é™ª,pÃ©i,to accompany
æ‰¹è¯„,pÄ« pÃ­ng,to criticize
çš®è‚¤,pÃ­ fÅ«,skin
è„¾æ°”,pÃ­ qi,character
ç¯‡,piÄn,sheet
éª—,piÃ n,to cheat
ä¹’ä¹“çƒ,pÄ«ng pÄng qiÃº,table tennis
å¹³æ—¶,pÃ­ng shÃ­,ordinarily
ç“¶å­,pÃ­ng zi,bottle
ç ´,pÃ²,broken
æ™®é,pÇ” biÃ n,universal
å…¶æ¬¡,qÃ­ cÃ¬,next
å…¶ä¸­,qÃ­ zhÅng,among
èµ·é£ž,qÇ fÄ“i,to take off (in an airplane)
èµ·æ¥,qi lai,(after a verb
æ°”å€™,qÃ¬ hÃ²u,climate
åƒä¸‡,qiÄn wÃ n,ten million
ç­¾è¯,qiÄn zhÃ¨ng,visa
å¢™,qiÃ¡ng,wall
æ•²,qiÄo,to hit
æ¡¥,qiÃ¡o,bridge
å·§å…‹åŠ›,qiÇŽo kÃ¨ lÃ¬,chocolate (loanword)
äº²æˆš,qÄ«n qi,a relative (i.e. family relation)
è½»,qÄ«ng,light
è½»æ¾,qÄ«ng sÅng,gentle
æƒ…å†µ,qÃ­ng kuÃ ng,circumstances
è¯·å‡,qÇng jiÃ ,to request leave of absence
è¯·å®¢,qÇng kÃ¨,to give a dinner party
ç©·,qiÃ³ng,exhausted
åŒºåˆ«,qÅ« biÃ©,difference
å–,qÇ”,to take
å…¨éƒ¨,quÃ¡n bÃ¹,whole
ç¼ºç‚¹,quÄ“ diÇŽn,weak point
ç¼ºå°‘,quÄ“ shÇŽo,lack
å´,quÃ¨,but
ç¡®å®ž,quÃ¨ shÃ­,indeed
ç¾¤,qÃºn,group
ç„¶è€Œ,rÃ¡n Ã©r,however
çƒ­é—¹,rÃ¨ nao,bustling with noise and excitement
äººæ°‘å¸,rÃ©n mÃ­n bÃ¬,Renminbi (RMB)
ä»»ä½•,rÃ¨n hÃ©,any
ä»»åŠ¡,rÃ¨n wu,mission
æ‰”,rÄ“ng,to throw
ä»ç„¶,rÃ©ng rÃ¡n,still
æ—¥è®°,rÃ¬ jÃ¬,diary
å…¥å£,rÃ¹ kÇ’u,entrance
è½¯,ruÇŽn,soft
æ•£æ­¥,sÃ n bÃ¹,to take a walk
æ£®æž—,sÄ“n lÃ­n,forest
æ²™å‘,shÄ fÄ,sofa
å•†é‡,shÄng liang,to consult
ä¼¤å¿ƒ,shÄng xÄ«n,to grieve
ç¨å¾®,shÄo wÄ“i,a little bit
ç¤¾ä¼š,shÃ¨ huÃ¬,society
æ·±,shÄ“n,close
ç”³è¯·,shÄ“n qÇng,to apply for sth
ç”šè‡³,shÃ¨n zhÃ¬,even
ç”Ÿæ´»,shÄ“ng huÃ³,life
ç”Ÿå‘½,shÄ“ng mÃ¬ng,life
çœ,shÄ›ng,to save
å‰©,shÃ¨ng,to remain
å¤±è´¥,shÄ« bÃ i,to be defeated
å¤±æœ›,shÄ« wÃ ng,disappointed
å¸ˆå‚…,shÄ« fu,master
æ¹¿æ¶¦,shÄ« rÃ¹n,moist
ç‹®å­,shÄ« zi,lion
ååˆ†,shÃ­ fÄ“n,to divide into ten equal parts
å®žé™…,shÃ­ jÃ¬,actual
å®žåœ¨,shÃ­ zÃ i,really
é£Ÿå“,shÃ­ pÇn,foodstuff
ä½¿ç”¨,shÇ yÃ²ng,to use
è¯•,shÃ¬,to test
å¸‚åœº,shÃ¬ chÇŽng,marketplace
ä¸–çºª,shÃ¬ jÃ¬,century
é€‚åˆ,shÃ¬ hÃ©,to fit
é€‚åº”,shÃ¬ yÃ¬ng,to adapt
æ”¶,shÅu,to receive
æ”¶å…¥,shÅu rÃ¹,to take in
æ”¶æ‹¾,shÅu shi,to put in order
é¦–éƒ½,shÇ’u dÅ«,capital (city)
é¦–å…ˆ,shÇ’u xiÄn,first (of all)
å—ä¸äº†,shÃ²u bÃ¹ liÇŽo,unbearable
å—åˆ°,shÃ²u dÃ o,to receive
å”®è´§å‘˜,shÃ²u huÃ² yuÃ¡n,salesperson
è¾“,shÅ«,to lose
ç†Ÿæ‚‰,shÃº xÄ«,to be familiar with
æ•°é‡,shÃ¹ liÃ ng,amount
æ•°å­—,shÃ¹ zÃ¬,numeral
å¸…,shuÃ i,handsome
é¡ºä¾¿,shÃ¹n biÃ n,conveniently
é¡ºåˆ©,shÃ¹n lÃ¬,smoothly
é¡ºåº,shÃ¹n xÃ¹,sequence
è¯´æ˜Ž,shuÅ mÃ­ng,to explain
ç¡•å£«,shuÃ² shÃ¬,master's degree
æ­»,sÇ,to die
é€Ÿåº¦,sÃ¹ dÃ¹,speed
å¡‘æ–™è¢‹,sÃ¹ liÃ o dÃ i,plastic bag
é…¸,suÄn,sour
ç®—,suÃ n,to regard as
éšä¾¿,suÃ­ biÃ n,as one wishes
éšç€,suÃ­ zhe,along with
å­™å­,sÅ«n zi,grandson
æ‰€æœ‰,suÇ’ yÇ’u,all
æŠ¬,tÃ¡i,to lift
å°,tÃ¡i,typhoon
æ€åº¦,tÃ i du,manner
è°ˆ,tÃ¡n,to speak
å¼¹,tÃ¡n,to pluck (a string)
æ±¤,tÄng,soup
èºº,tÇŽng,to recline
è¶Ÿ,tÃ ng,classifier for times
è®¨è®º,tÇŽo lÃ¹n,to discuss
è®¨åŽŒ,tÇŽo yÃ n,to dislike
ç‰¹ç‚¹,tÃ¨ diÇŽn,characteristic (feature)
æä¾›,tÃ­ gÅng,to offer
æå‰,tÃ­ qiÃ¡n,to shift to an earlier date
æé†’,tÃ­ xÇng,to remind
å¡«ç©º,tiÃ¡n kÃ²ng,to fill a job vacancy
æ¡ä»¶,tiÃ¡o jiÃ n,condition
åœæ­¢,tÃ­ng zhÇ,to stop
æŒº,tÇng,to stick out
é€šè¿‡,tÅng guÃ²,by means of
é€šçŸ¥,tÅng zhÄ«,to notify
åŒæƒ…,tÃ³ng qÃ­ng,to sympathize with
æŽ¨,tuÄ«,to push
æŽ¨è¿Ÿ,tuÄ« chÃ­,to postpone
è„±,tuÅ,to shed
è¢œå­,wÃ  zi,socks
å®Œå…¨,wÃ¡n quÃ¡n,complete
å¾€,wÇŽng,to go (in a direction)
å¾€å¾€,wÇŽng wÇŽng,often
ç½‘çƒ,wÇŽng qiÃº,tennis
ç½‘ç«™,wÇŽng zhÃ n,website
å±é™©,wÄ“i xiÇŽn,danger
å‘³é“,wÃ¨i dao,flavor
æ¸©åº¦,wÄ“n dÃ¹,temperature
æ–‡ç« ,wÃ©n zhÄng,article
æ¡æ‰‹,wÃ² shÇ’u,to shake hands
æ±¡æŸ“,wÅ« rÇŽn,pollution
æ— ,wÃº,-less
æ— èŠ,wÃº liÃ¡o,bored
æ— è®º,wÃº lÃ¹n,no matter what or how
è¯¯ä¼š,wÃ¹ huÃ¬,to misunderstand
è¥¿çº¢æŸ¿,xÄ« hÃ³ng shÃ¬,tomato
å¸å¼•,xÄ« yÇn,to attract (interest
æ´—è¡£æœº,xÇ yÄ« jÄ«,washer
å’¸,xiÃ¡n,salted
çŽ°ä»£,xiÃ n dÃ i,modern times
ç¾¡æ…•,xiÃ n mÃ¹,to envy
é™åˆ¶,xiÃ n zhÃ¬,to restrict
é¦™,xiÄng,fragrant
ç›¸å,xiÄng fÇŽn,opposite
è¯¦ç»†,xiÃ¡ng xÃ¬,detailed
å“,xiÇŽng,echo
æ¶ˆæ¯,xiÄo xi,news
å°è¯´,xiÇŽo shuÅ,novel
ç¬‘è¯,xiÃ o huÃ ,joke
æ•ˆæžœ,xiÃ o guÇ’,result
å¿ƒæƒ…,xÄ«n qÃ­ng,mood
è¾›è‹¦,xÄ«n kÇ”,hard
ä¿¡ä»»,xÃ¬n rÃ¨n,to trust
ä¿¡å¿ƒ,xÃ¬n xÄ«n,confidence
ä¿¡ç”¨å¡,xÃ¬n yÃ²ng kÇŽ,credit card
å…´å¥‹,xÄ«ng fÃ¨n,excited
è¡Œ,xÃ­ng,to walk
é†’,xÇng,to wake up
æ€§åˆ«,xÃ¬ng biÃ©,gender
æ€§æ ¼,xÃ¬ng gÃ©,nature
å¹¸ç¦,xÃ¬ng fÃº,happiness
ä¿®,xiÅ«,to decorate
è®¸å¤š,xÇ” duÅ,many
è¡€,xuÃ¨,blood
åŽ‹åŠ›,yÄ lÃ¬,pressure
ç‰™è†,yÃ¡ gÄo,toothpaste
äºšæ´²,YÃ  zhÅu,Asia
å‘€,ya,(particle equivalent to å•Š after a vowel
ç›,yÃ¡n,salt
ä¸¥æ ¼,yÃ¡n gÃ©,strict
ä¸¥é‡,yÃ¡n zhÃ²ng,grave
ç ”ç©¶ç”Ÿ,yÃ¡n jiÅ« shÄ“ng,graduate student
æ¼”å‡º,yÇŽn chÅ«,to act (in a play)
æ¼”å‘˜,yÇŽn yuÃ¡n,actor or actress
é˜³å…‰,yÃ¡ng guÄng,sunshine
å…»æˆ,yÇŽng chÃ©ng,to cultivate
æ ·å­,yÃ ng zi,appearance
é‚€è¯·,yÄo qÇng,to invite
é’¥åŒ™,yÃ o shi,key
ä¹Ÿè®¸,yÄ› xÇ”,perhaps
é¡µ,yÃ¨,page
å¶å­,yÃ¨ zi,foliage
ä¸€åˆ‡,yÄ« qiÃ¨,everything
ä»¥,yÇ,to use
äº¿,yÃ¬,100 million
æ„è§,yÃ¬ jiÃ n,idea
è‰ºæœ¯,yÃ¬ shÃ¹,art
å› æ­¤,yÄ«n cÇ,thus
å¼•èµ·,yÇn qÇ,to give rise to
é¥®æ–™,yÇn liÃ o,drink
å°è±¡,yÃ¬n xiÃ ng,impression
èµ¢,yÃ­ng,to beat
ç¡¬,yÃ¬ng,hard
å‹‡æ•¢,yÇ’ng gÇŽn,brave
æ°¸è¿œ,yÇ’ng yuÇŽn,forever
ä¼˜ç‚¹,yÅu diÇŽn,merit
ä¼˜ç§€,yÅu xiÃ¹,outstanding
å¹½é»˜,yÅu mÃ²,(loanword) humor
ç”±,yÃ³u,to follow
ç”±äºŽ,yÃ³u yÃº,due to
å°¤å…¶,yÃ³u qÃ­,especially
æœ‰è¶£,yÇ’u qÃ¹,interesting
å‹å¥½,yÇ’u hÇŽo,friendly
å‹è°Š,yÇ’u yÃ¬,companionship
æ„‰å¿«,yÃº kuÃ i,cheerful
äºŽæ˜¯,yÃº shÃ¬,thereupon
ä¸Ž,yÇ”,and
è¯­æ³•,yÇ” fÇŽ,grammar
è¯­è¨€,yÇ” yÃ¡n,language
ç¾½æ¯›çƒ,yÇ” mÃ¡o qiÃº,shuttlecock
é¢„ä¹ ,yÃ¹ xÃ­,to prepare a lesson
åœ†,yuÃ¡n,circle
åŽŸæ¥,yuÃ¡n lÃ¡i,original
åŽŸè°…,yuÃ¡n liÃ ng,to excuse
åŽŸå› ,yuÃ¡n yÄ«n,cause
çº¦ä¼š,yuÄ“ huÃ¬,appointment
é˜…è¯»,yuÃ¨ dÃº,to read
å…è®¸,yÇ”n xÇ”,to permit
æ‚å¿—,zÃ¡ zhÃ¬,magazine
å’±ä»¬,zÃ¡n men,we or us (including both the speaker and the person(s) spoken to)
æš‚æ—¶,zÃ n shÃ­,temporary
è„,zÄng,dirty
è´£ä»»,zÃ© rÃ¨n,responsibility
å¢žåŠ ,zÄ“ng jiÄ,to raise
å¢žé•¿,zÄ“ng zhÇŽng,to grow
çª„,zhÇŽi,narrow
æ‹›è˜,zhÄo pÃ¬n,recruitment
çœŸæ­£,zhÄ“n zhÃ¨ng,genuine
æ•´ç†,zhÄ›ng lÇ,to arrange
æ•´é½,zhÄ›ng qÃ­,orderly
æ­£å¸¸,zhÃ¨ng chÃ¡ng,regular
æ­£å¥½,zhÃ¨ng hÇŽo,just (in time)
æ­£ç¡®,zhÃ¨ng quÃ¨,correct
æ­£å¼,zhÃ¨ng shÃ¬,formal
è¯æ˜Ž,zhÃ¨ng mÃ­ng,proof
ä¹‹,zhÄ«,(possessive particle
æ”¯æŒ,zhÄ« chÃ­,to be in favor of
çŸ¥è¯†,zhÄ« shi,intellectual
ç›´æŽ¥,zhÃ­ jiÄ“,direct
å€¼å¾—,zhÃ­ de,to be worth
èŒä¸š,zhÃ­ yÃ¨,occupation
æ¤ç‰©,zhÃ­ wÃ¹,botanical
æŒ‡,zhÇ,finger
åªå¥½,zhÇ hÇŽo,without any better option
åªè¦,zhÇ yÃ o,if only
åˆ¶é€ ,zhÃ¬ zÃ o,to manufacture
è‡³å°‘,zhÃ¬ shÇŽo,at least
è´¨é‡,zhÃ¬ liÃ ng,quality
ä¸­æ–‡,ZhÅng wÃ©n,Chinese
é‡ç‚¹,zhÃ²ng diÇŽn,important point
é‡è§†,zhÃ²ng shÃ¬,to attach importance to sth
å‘¨å›´,zhÅu wÃ©i,surroundings
çŒª,zhÅ«,hog
é€æ¸,zhÃº jiÃ n,gradually
ä¸»åŠ¨,zhÇ” dÃ²ng,to take the initiative
ä¸»æ„,zhÇ” yi,plan
ç¥è´º,zhÃ¹ hÃ¨,to congratulate
è‘—å,zhÃ¹ mÃ­ng,famous
ä¸“é—¨,zhuÄn mÃ©n,specialist
ä¸“ä¸š,zhuÄn yÃ¨,specialty
èµš,zhuÃ n,to earn
æ’ž,zhuÃ ng,to hit
å‡†ç¡®,zhÇ”n quÃ¨,accurate
å‡†æ—¶,zhÇ”n shÃ­,on time
ä»”ç»†,zÇ xÃ¬,careful
è‡ªç„¶,zÃ¬ rÃ¡n,nature
æ€»ç»“,zÇ’ng jiÃ©,to sum up
ç§Ÿ,zÅ«,to hire
ç»„æˆ,zÇ” chÃ©ng,to form
ç»„ç»‡,zÇ” zhÄ«,to organize
å˜´,zuÇ,mouth
æœ€å¥½,zuÃ¬ hÇŽo,best
æœ€åŽ,zuÃ¬ hÃ²u,final
å°Šé‡,zÅ«n zhÃ²ng,to esteem
åšç”Ÿæ„,zuÃ² shÄ“ng yÃ¬,to do business
åº§,zuÃ²,seat
åº§ä½,zuÃ² wÃ¨i,seat
ä½œè€…,zuÃ² zhÄ›,author
